scenario_id,study,fault_type,step_delta,w_roll,gamma_online,online_contamination,offline_contamination,eps_offline,alpha_adaptive,pf_Classical_Rolling,pf_Liu_F_offline,pf_RRH_FD_075,pf_RRH_FD_085,pf_RRH_FD_adaptive,pm_Classical_Rolling,pm_Liu_F_offline,pm_RRH_FD_075,pm_RRH_FD_085,pm_RRH_FD_adaptive,td_mean_Classical_Rolling,td_mean_Liu_F_offline,td_mean_RRH_FD_075,td_mean_RRH_FD_085,td_mean_RRH_FD_adaptive,det_H25_rate_Classical_Rolling,det_H25_rate_Liu_F_offline,det_H25_rate_RRH_FD_075,det_H25_rate_RRH_FD_085,det_H25_rate_RRH_FD_adaptive,det_H50_rate_Classical_Rolling,det_H50_rate_Liu_F_offline,det_H50_rate_RRH_FD_075,det_H50_rate_RRH_FD_085,det_H50_rate_RRH_FD_adaptive,det_H100_rate_Classical_Rolling,det_H100_rate_Liu_F_offline,det_H100_rate_RRH_FD_075,det_H100_rate_RRH_FD_085,det_H100_rate_RRH_FD_adaptive,mean_logBIR_Classical_Rolling,mean_logBIR_Liu_F_offline,mean_logBIR_RRH_FD_075,mean_logBIR_RRH_FD_085,mean_logBIR_RRH_FD_adaptive,max_logBIR_Classical_Rolling,max_logBIR_Liu_F_offline,max_logBIR_RRH_FD_075,max_logBIR_RRH_FD_085,max_logBIR_RRH_FD_adaptive,delta_td_adaptive_minus_classical,delta_pm_adaptive_minus_classical,delta_H25_adaptive_minus_classical,delta_H50_adaptive_minus_classical,delta_H100_adaptive_minus_classical,delta_td_adaptive_minus_liu,delta_pm_adaptive_minus_liu,delta_H50_adaptive_minus_liu
9,contaminated_rolling,step,0.03,50,1.5,pre_spikes,none,0,0.875,0.05461692650334076,0.06811581291759465,0.057806236080178174,0.061269487750556795,0.058706013363028955,0.9531359093937375,0.9562465023317788,0.9512918054630246,0.9476775483011326,0.9504883411059294,37.757,21.147,26.454,25.274,26.966,0.381,0.713,0.588,0.604,0.575,0.697,0.889,0.835,0.854,0.837,0.978,0.977,0.983,0.988,0.988,0.4633323125165394,0.4633323125165394,0.5303103577442561,0.4907063708790667,0.4633323125165394,1.1855798750650373,1.1855798750650373,1.3654200929125109,1.2784389258693383,1.1855798750650373,-10.790999999999997,-0.0026475682878080997,0.19399999999999995,0.14,0.010000000000000009,5.819000000000003,-0.005758161225849379,-0.052000000000000046
10,contaminated_rolling,step,0.04,50,1.5,pre_spikes,none,0,0.875,0.05535189309576837,0.05644988864142539,0.05862806236080178,0.06225167037861915,0.05966369710467706,0.9533837441705529,0.9542378414390407,0.9513884077281812,0.9478027981345769,0.9505802798134577,38.142,25.448,27.041,25.3,27.692,0.378,0.734,0.599,0.621,0.59,0.67,0.855,0.826,0.845,0.816,0.981,0.95,0.982,0.989,0.983,0.46470045175259334,0.46470045175259334,0.5313922439842814,0.49309467673574703,0.46470045175259334,1.1879826530311373,1.1879826530311373,1.36857245466164,1.2705533077955347,1.1879826530311373,-10.450000000000003,-0.00280346435709522,0.21199999999999997,0.1459999999999999,0.0020000000000000018,2.2439999999999998,-0.00365756162558295,-0.039000000000000035
11,contaminated_rolling,step,0.06,50,1.5,pre_spikes,none,0,0.875,0.05506681514476615,0.07257238307349666,0.05855902004454343,0.06173719376391982,0.05906458797327394,0.9533937375083278,0.9276309127248501,0.9518067954696868,0.9481565622918054,0.9507774816788808,37.111,15.787,27.872,25.87,27.522,0.388,0.803,0.566,0.597,0.565,0.68,0.928,0.829,0.853,0.835,0.985,0.982,0.977,0.986,0.984,0.4512794393060484,0.4512794393060484,0.518645091053187,0.47925921888212714,0.4512794393060484,1.1695544892726102,1.1695544892726102,1.3481694118377985,1.2541557320082863,1.1695544892726102,-9.588999999999999,-0.002616255829447023,0.17699999999999994,0.15499999999999992,-0.0010000000000000009,11.734999999999998,0.023146568954030666,-0.09300000000000008
12,contaminated_rolling,step,0.03,80,1.5,pre_spikes,none,0,0.921875,0.062303102625298326,0.05367780429594272,0.06240334128878282,0.06620286396181384,0.06345346062052507,0.9480792804796803,0.9795303131245836,0.9484856762158561,0.9445589606928714,0.9473157894736842,34.726,44.864729458917836,22.32,20.383,22.237,0.485,0.644,0.665,0.704,0.672,0.725,0.788,0.883,0.907,0.892,0.974,0.914,0.987,0.994,0.987,0.5263782665505294,0.5263782665505294,0.581090520552691,0.5452380001793568,0.5263782665505294,0.9263494870998069,0.9263494870998069,1.0667332382167718,0.9976488166704428,0.9263494870998069,-12.489,-7.63491005996042e-4,0.18700000000000006,0.16700000000000004,0.013000000000000012,-22.627729458917837,-0.032214523650899385,0.10399999999999998
13,contaminated_rolling,step,0.04,80,1.5,pre_spikes,none,0,0.921875,0.06197852028639618,0.06842243436754177,0.06194033412887828,0.06564200477326969,0.06294033412887828,0.9477188540972685,0.9503237841439041,0.9480999333777481,0.9441878747501665,0.9471765489673551,37.333,27.015,23.28,21.066,22.83,0.433,0.598,0.668,0.712,0.677,0.693,0.861,0.878,0.897,0.882,0.97,0.982,0.986,0.992,0.989,0.5237347912904674,0.5237347912904674,0.5787827622461613,0.5426567461883604,0.5237347912904674,0.9212905480735979,0.9212905480735979,1.063381255602174,0.9943647887814822,0.9212905480735979,-14.503,-5.423051299133785e-4,0.24400000000000005,0.18900000000000006,0.019000000000000017,-4.185000000000002,-0.0031472351765489126,0.02100000000000002
14,contaminated_rolling,step,0.06,80,1.5,pre_spikes,none,0,0.921875,0.06177804295942721,0.05339618138424821,0.060954653937947495,0.06494749403341289,0.06208830548926014,0.9477581612258494,0.9548807461692205,0.9481632245169886,0.9443597601598934,0.9473004663557628,38.109,42.28,23.689,21.47,23.302,0.447,0.412,0.656,0.682,0.653,0.681,0.761,0.86,0.889,0.867,0.968,0.915,0.986,0.995,0.99,0.5171451077306534,0.5171451077306534,0.5696972593883475,0.534202446743815,0.5171451077306534,0.9135458862609988,0.9135458862609988,1.0511376527613139,0.9807049450424254,0.9135458862609988,-14.807000000000002,-4.5769487008662235e-4,0.20600000000000002,0.18599999999999994,0.02200000000000002,-18.978,-0.007580279813457658,0.10599999999999998
15,contaminated_rolling,step,0.03,50,2,pre_spikes,none,0,0.875,0.055619153674832965,0.04655679287305123,0.05775501113585746,0.061325167037861915,0.05867928730512249,0.9534397068620919,0.9574243837441706,0.9515469686875416,0.947983344437042,0.950713524317122,39.378,39.788,26.547,23.631,25.043,0.361,0.597,0.582,0.629,0.6,0.66,0.715,0.835,0.865,0.849,0.984,0.863,0.991,0.996,0.997,0.6789979697518284,0.6789979697518284,0.7452235487348385,0.7064275219467244,0.6789979697518284,1.608641231184618,1.608641231184618,1.7824124228582823,1.6942501427407313,1.608641231184618,-14.335,-0.002726182544969924,0.239,0.18899999999999995,0.013000000000000012,-14.744999999999997,-0.006710859427048632,0.134
16,contaminated_rolling,step,0.04,50,2,pre_spikes,none,0,0.875,0.056084632516703786,0.0650445434298441,0.05901559020044544,0.06255233853006681,0.06002895322939866,0.9533391072618255,0.9754103930712859,0.9514710193204531,0.9479453697534976,0.9507241838774151,40.917,38.656,26.398,24.11,25.811,0.343,0.585,0.599,0.634,0.604,0.616,0.749,0.837,0.865,0.849,0.977,0.923,0.988,0.994,0.992,0.6813915324628784,0.6813915324628784,0.7483844264606037,0.7094648128949864,0.6813915324628784,1.6157229045023622,1.6157229045023622,1.794247324811605,1.7062033866563684,1.6157229045023622,-15.106000000000002,-0.0026149233844103836,0.26099999999999995,0.23299999999999998,0.015000000000000013,-12.844999999999999,-0.024686209193870767,0.09999999999999998
17,contaminated_rolling,step,0.06,50,2,pre_spikes,none,0,0.875,0.05602004454342985,0.05035412026726058,0.05813363028953229,0.06162806236080178,0.059133630289532294,0.9537548301132578,0.9581319120586276,0.9518494337108594,0.9482618254497002,0.9509700199866755,39.295,25.332,25.483,23.719,25.949,0.372,0.692,0.63,0.648,0.615,0.642,0.883,0.86,0.875,0.848,0.976,0.963,0.983,0.992,0.988,0.6745484693346703,0.6745484693346703,0.7401385075217757,0.7017244036018999,0.6745484693346703,1.5985212497376713,1.5985212497376713,1.782029723119447,1.6894638183735176,1.5985212497376713,-13.346,-0.002784810126582271,0.243,0.20599999999999996,0.01200000000000001,0.6170000000000009,-0.0071618920719520585,-0.03500000000000003
18,contaminated_rolling,step,0.03,80,2,pre_spikes,none,0,0.921875,0.06267303102625299,0.06374463007159904,0.06202147971360382,0.06600477326968973,0.06320525059665871,0.9480339773484344,0.9264903397734844,0.9484050632911393,0.9443264490339773,0.9471838774150566,41.629,18.242,22.488,21.065,22.439,0.409,0.735,0.678,0.706,0.679,0.648,0.943,0.877,0.895,0.878,0.947,0.993,0.993,0.995,0.992,0.7920600093132161,0.7920600093132161,0.8469091990531725,0.8101804040930499,0.7920600093132161,1.3003660198753757,1.3003660198753757,1.439386263951522,1.3666520144363876,1.3003660198753757,-19.189999999999998,-8.500999333778125e-4,0.2700000000000001,0.22999999999999998,0.04500000000000004,4.196999999999999,0.020693537641572224,-0.06499999999999995
19,contaminated_rolling,step,0.04,80,2,pre_spikes,none,0,0.921875,0.06270883054892601,0.07291169451073985,0.06255131264916468,0.06619570405727923,0.06333174224343675,0.9481025982678215,0.9214390406395736,0.9482744836775483,0.9443750832778148,0.9473244503664224,42.822,13.677,22.214,20.46,22.12,0.388,0.868,0.686,0.712,0.683,0.625,0.961,0.89,0.904,0.89,0.963,0.986,0.988,0.996,0.994,0.7916519787733671,0.7916519787733671,0.8449240685840899,0.8088203781618188,0.7916519787733671,1.2964558921509612,1.2964558921509612,1.4326375491367795,1.3659355604036911,1.2964558921509612,-20.702,-7.781479013990733e-4,0.29500000000000004,0.265,0.031000000000000028,8.443000000000001,0.02588540972684883,-0.07099999999999995
20,contaminated_rolling,step,0.06,80,2,pre_spikes,none,0,0.921875,0.06254176610978521,0.07483054892601432,0.061837708830548926,0.06567541766109786,0.06306921241050119,0.9479873417721519,0.9548447701532312,0.9482238507661559,0.9444077281812125,0.9472984676882079,42.03,14.744,22.138,20.307,21.614,0.393,0.838,0.683,0.709,0.687,0.631,0.928,0.88,0.905,0.893,0.957,0.998,0.992,0.992,0.989,0.7886923397963926,0.7886923397963926,0.843852744056541,0.8067816465177204,0.7886923397963926,1.2909191527040471,1.2909191527040471,1.428472215000059,1.3583134325351292,1.2909191527040471,-20.416,-6.888740839440244e-4,0.29400000000000004,0.262,0.03200000000000003,6.870000000000001,-0.007546302465023302,-0.03500000000000003
21,contaminated_rolling,step,0.03,50,1.5,pre_spikes,random,0.05,0.875,0.055040089086859686,0.04341648106904231,0.05841202672605791,0.0619554565701559,0.05926280623608018,0.9534030646235843,0.97909526982012,0.9517948034643571,0.9482731512325117,0.9509773484343771,36.548,63.469,26.892,24.906,26.703,0.403,0.385,0.583,0.62,0.595,0.687,0.651,0.841,0.866,0.847,0.988,0.77,0.988,0.99,0.985,0.4682476308149167,0.4682476308149167,0.5345537195557053,0.4961335964165137,0.4682476308149167,1.18880529004387,1.18880529004387,1.3613772101739552,1.2801278866309564,1.18880529004387,-9.845000000000002,-0.002425716189207172,0.19199999999999995,0.15999999999999992,-0.0030000000000000027,-36.766000000000005,-0.028117921385742872,0.19599999999999995
22,contaminated_rolling,step,0.04,50,1.5,pre_spikes,random,0.05,0.875,0.05549443207126949,0.04384632516703786,0.05903118040089087,0.06246325167037862,0.059734966592427614,0.9534770153231179,0.9565243171219188,0.9515542971352432,0.9480866089273817,0.9507608261159227,38.101,39.346,26.637,25.467,26.895,0.373,0.521,0.591,0.607,0.581,0.67,0.722,0.832,0.847,0.833,0.986,0.913,0.986,0.991,0.989,0.46427678650507276,0.46427678650507276,0.5309304804968313,0.4914936596148198,0.46427678650507276,1.1838790620227428,1.1838790620227428,1.3647844191584562,1.2733842438485599,1.1838790620227428,-11.206,-0.0027161892071951854,0.20799999999999996,0.16299999999999992,0.0030000000000000027,-12.450999999999997,-0.0057634910059960465,0.11099999999999999
23,contaminated_rolling,step,0.06,50,1.5,pre_spikes,random,0.05,0.875,0.05475501113585746,0.04646993318485523,0.05809799554565702,0.06152561247216036,0.05875278396436526,0.9534417055296469,0.9356868754163891,0.9518107928047967,0.9481932045303131,0.9508394403730847,37.633,15.507,26.294,24.071,25.899,0.384,0.836,0.589,0.619,0.591,0.69,0.921,0.86,0.88,0.856,0.983,0.981,0.983,0.992,0.99,0.45346929670308367,0.45346929670308367,0.52033917909994,0.481037476941148,0.45346929670308367,1.1725401526367476,1.1725401526367476,1.353189873256802,1.2604697028492917,1.1725401526367476,-11.734000000000002,-0.0026022651565622557,0.20699999999999996,0.16600000000000004,0.007000000000000006,10.392000000000001,0.015152564956695591,-0.06500000000000006
24,contaminated_rolling,step,0.03,80,1.5,pre_spikes,random,0.05,0.921875,0.06196658711217184,0.04441766109785203,0.061486873508353225,0.06544630071599045,0.06259188544152744,0.9475276482345103,0.9500772818121253,0.9478121252498335,0.9439873417721519,0.9468474350433045,36.053,36.457,22.108,20.422,22.236,0.489,0.529,0.692,0.72,0.685,0.714,0.743,0.883,0.903,0.885,0.968,0.942,0.988,0.996,0.994,0.5203060029302288,0.5203060029302288,0.5745370078353382,0.5380736072859015,0.5203060029302288,0.9155780857263011,0.9155780857263011,1.0540076106126328,0.9842455573438109,0.9155780857263011,-13.816999999999997,-6.80213191205814e-4,0.19600000000000006,0.17100000000000004,0.026000000000000023,-14.221,-0.0032298467688207655,0.14200000000000002
25,contaminated_rolling,step,0.04,80,1.5,pre_spikes,random,0.05,0.921875,0.062028639618138426,0.04242243436754176,0.06220047732696898,0.066,0.06321718377088305,0.9479200532978015,0.9380806129247169,0.9487195203197868,0.9445889407061959,0.9473451032644903,38.43,18.926,22.861,21.261,22.945,0.438,0.785,0.672,0.698,0.676,0.693,0.919,0.885,0.908,0.893,0.96,0.971,0.985,0.988,0.982,0.5122779019689835,0.5122779019689835,0.5614064330340406,0.5285356374115193,0.5122779019689835,0.9046427143799062,0.9046427143799062,1.0362358508742822,0.9674520025974384,0.9046427143799062,-15.485,-5.749500333112056e-4,0.23800000000000004,0.20000000000000007,0.02200000000000002,4.019000000000002,0.00926449033977339,-0.026000000000000023
26,contaminated_rolling,step,0.06,80,1.5,pre_spikes,random,0.05,0.921875,0.06197136038186157,0.047577565632458234,0.061494033412887825,0.06533890214797136,0.062381861575179,0.9478334443704197,0.96163890739507,0.9481852098600932,0.9443177881412391,0.9472544970019987,38.256,32.302,22.649,20.51,22.512,0.425,0.503,0.67,0.703,0.669,0.703,0.85,0.896,0.918,0.899,0.967,0.958,0.988,0.993,0.988,0.5189105518142765,0.5189105518142765,0.5718788006761499,0.5369779525039033,0.5189105518142765,0.9131606984007965,0.9131606984007965,1.050430541254801,0.9852315065980098,0.9131606984007965,-15.744,-5.789473684210122e-4,0.24400000000000005,0.19600000000000006,0.02100000000000002,-9.79,-0.014384410393071256,0.049000000000000044
27,contaminated_rolling,step,0.03,50,2,pre_spikes,random,0.05,0.875,0.056307349665924274,0.04842761692650334,0.05887082405345211,0.0625412026726058,0.060011135857461026,0.9533017988007995,0.9763351099267156,0.9510839440373084,0.9477554963357762,0.9503970686209194,39.809,21.013,28.357,26.464,28.09,0.349,0.649,0.568,0.586,0.551,0.637,0.922,0.821,0.849,0.836,0.981,0.984,0.978,0.984,0.984,0.6810601991893301,0.6810601991893301,0.749237319364377,0.7090198348929345,0.6810601991893301,1.6177156788164895,1.6177156788164895,1.7947878422973922,1.7059931983402201,1.6177156788164895,-11.718999999999998,-0.002904730179880022,0.20200000000000007,0.19899999999999995,0.0030000000000000027,7.076999999999998,-0.025938041305796133,-0.08600000000000008
28,contaminated_rolling,step,0.04,50,2,pre_spikes,random,0.05,0.875,0.055993318485523386,0.0434543429844098,0.05861024498886414,0.062084632516703785,0.05909354120267261,0.9534423717521652,0.9455243171219188,0.9515369753497668,0.9480839440373084,0.9508707528314457,39.126,24.715,24.684,23.408,25.352,0.364,0.56,0.617,0.634,0.603,0.652,0.907,0.868,0.882,0.862,0.982,0.984,0.991,0.995,0.994,0.6813316854708218,0.6813316854708218,0.7505341354576126,0.709765119288953,0.6813316854708218,1.6202082500312496,1.6202082500312496,1.7975023426069558,1.7064211861995287,1.6202082500312496,-13.773999999999997,-0.002571618920719443,0.239,0.20999999999999996,0.01200000000000001,0.6370000000000005,0.0053464357095269754,-0.04500000000000004
29,contaminated_rolling,step,0.06,50,2,pre_spikes,random,0.05,0.875,0.05596213808463252,0.04135189309576837,0.058512249443207126,0.0621380846325167,0.059714922048997775,0.9533031312458361,0.9483684210526315,0.9513197868087941,0.9477721518987342,0.9504397068620919,38.625,27.611,26.477,24.455,26.467,0.376,0.662,0.607,0.633,0.594,0.678,0.848,0.847,0.877,0.856,0.976,0.949,0.98,0.985,0.98,0.6780575932828893,0.6780575932828893,0.7466275793852766,0.7064962657812355,0.6780575932828893,1.6044462063576712,1.6044462063576712,1.7981661599110863,1.6967976383833538,1.6044462063576712,-12.158000000000001,-0.0028634243837442064,0.21799999999999997,0.17799999999999994,0.0040000000000000036,-1.144000000000002,0.002071285809460366,0.008000000000000007
30,contaminated_rolling,step,0.03,80,2,pre_spikes,random,0.05,0.921875,0.06235560859188544,0.04667064439140811,0.061739856801909306,0.06538663484486873,0.06263723150357996,0.9479333777481679,0.9446728847435043,0.9482531645569621,0.9444263824117255,0.9473544303797469,41.588,27.832,22.218,20.533,22.8,0.401,0.652,0.683,0.716,0.676,0.635,0.854,0.882,0.901,0.876,0.956,0.954,0.983,0.992,0.986,0.7999436835798054,0.7999436835798054,0.8562300278572768,0.8183512460749259,0.7999436835798054,1.30784428611801,1.30784428611801,1.4466678763012413,1.3783739828023482,1.30784428611801,-18.788,-5.789473684210122e-4,0.275,0.241,0.030000000000000027,-5.032,0.002681545636242566,0.02200000000000002
31,contaminated_rolling,step,0.04,80,2,pre_spikes,random,0.05,0.921875,0.06297136038186157,0.04955131264916468,0.06255847255369928,0.06665393794749404,0.06367541766109786,0.948219853431046,0.9460752831445702,0.9484457028647568,0.9444570286475683,0.9475289806795469,41.115,23.916,22.952,20.972,22.894,0.423,0.718,0.669,0.7,0.672,0.652,0.857,0.884,0.903,0.884,0.949,0.98,0.986,0.993,0.987,0.7968906240128988,0.7968906240128988,0.8533099536330886,0.8152826154972923,0.7968906240128988,1.301644979739577,1.301644979739577,1.4450790070439288,1.3743024510224864,1.301644979739577,-18.221000000000004,-6.908727514990387e-4,0.24900000000000005,0.23199999999999998,0.038000000000000034,-1.022000000000002,0.0014536975349767056,0.027000000000000024
32,contaminated_rolling,step,0.06,80,2,pre_spikes,random,0.05,0.921875,0.06231026252983293,0.04742482100238663,0.061653937947494034,0.06545107398568019,0.06257517899761336,0.9479213857428381,0.9249067288474351,0.948109926715523,0.9442604930046635,0.9472578281145903,40.002,22.303,22.069,20.799,22.377,0.415,0.686,0.693,0.713,0.686,0.666,0.896,0.879,0.892,0.877,0.959,0.98,0.992,0.994,0.991,0.7821137275181693,0.7821137275181693,0.8367226596366073,0.7996483735801836,0.7821137275181693,1.2852792980589995,1.2852792980589995,1.4251305468401678,1.3503653225810421,1.2852792980589995,-17.625000000000004,-6.635576282478794e-4,0.2710000000000001,0.21099999999999997,0.03200000000000003,0.07399999999999807,0.022351099267155172,-0.019000000000000017
33,contaminated_rolling,step,0.03,50,1.5,pre_spikes,random,0.1,0.875,0.05485523385300668,0.03630957683741648,0.05753006681514477,0.06144097995545657,0.059024498886414256,0.9533224516988674,0.9497355096602265,0.9515443037974683,0.9480106595602932,0.950676215856096,36.974,30.139,27.747,24.779,27.118,0.387,0.569,0.569,0.603,0.567,0.688,0.828,0.82,0.855,0.828,0.984,0.946,0.982,0.992,0.987,0.46165111475679255,0.46165111475679255,0.5272011334245972,0.4876973609763967,0.46165111475679255,1.1800178839543882,1.1800178839543882,1.3614135331468764,1.2630103864228985,1.1800178839543882,-9.855999999999998,-0.0026462358427714605,0.17999999999999994,0.14,0.0030000000000000027,-3.021000000000001,9.407061958695007e-4,0
34,contaminated_rolling,step,0.04,50,1.5,pre_spikes,random,0.1,0.875,0.055369710467706015,0.027456570155902006,0.058534521158129175,0.06233853006681515,0.059478841870824056,0.9535376415722852,0.9767388407728181,0.9520832778147902,0.9486109260493004,0.951219853431046,36.379,48.71671671671672,27.022,25.713,27.605,0.377,0.496,0.594,0.596,0.563,0.7,0.671,0.83,0.847,0.828,0.99,0.877,0.988,0.994,0.994,0.4578429902331228,0.4578429902331228,0.5229672875191691,0.4847344055698702,0.4578429902331228,1.1756509161417823,1.1756509161417823,1.3622542367161152,1.2668013273425225,1.1756509161417823,-8.773999999999997,-0.0023177881412391743,0.18599999999999994,0.128,0.0040000000000000036,-21.111716716716717,-0.02551898734177216,0.15699999999999992
35,contaminated_rolling,step,0.06,50,1.5,pre_spikes,random,0.1,0.875,0.05496213808463252,0.04044320712694877,0.057988864142538975,0.06160356347438753,0.05883073496659243,0.9534330446369087,0.9500379746835443,0.9515956029313791,0.9480073284477015,0.9507068620919387,38.187,32.76,26.137,24.388,26.011,0.364,0.623,0.598,0.62,0.593,0.689,0.738,0.842,0.856,0.838,0.978,0.925,0.985,0.991,0.99,0.4584036670090911,0.4584036670090911,0.5259277672068478,0.48623886927451265,0.4584036670090911,1.1780222407633696,1.1780222407633696,1.3635438714221073,1.268230181486108,1.1780222407633696,-12.175999999999998,-0.002726182544970035,0.22899999999999998,0.14900000000000002,0.01200000000000001,-6.748999999999999,6.688874083943253e-4,0.09999999999999998
36,contaminated_rolling,step,0.03,80,1.5,pre_spikes,random,0.1,0.921875,0.062410501193317425,0.029880668257756562,0.06262291169451074,0.06625536992840095,0.06324105011933175,0.947786142571619,0.9717395069953364,0.9483157894736842,0.9444043970686209,0.947309127248501,36.333,54.698,21.617,20.034,22.06,0.473,0.518,0.698,0.72,0.683,0.712,0.704,0.901,0.921,0.897,0.972,0.864,0.991,0.994,0.992,0.5252937507011132,0.5252937507011132,0.5813824780417135,0.5449740828313387,0.5252937507011132,0.920909750845807,0.920909750845807,1.0637964424138189,0.9930802291764111,0.920909750845807,-14.273,-4.7701532311794637e-4,0.21000000000000008,0.18500000000000005,0.020000000000000018,-32.638000000000005,-0.024430379746835373,0.19300000000000006
37,contaminated_rolling,step,0.04,80,1.5,pre_spikes,random,0.1,0.921875,0.06188305489260143,0.03889021479713604,0.06156563245823389,0.06536038186157518,0.06281622911694511,0.9479940039973351,0.9308414390406395,0.9482958027981345,0.9444590273151232,0.9473484343770819,37.491,22.499,22.011,20.141,21.89,0.462,0.654,0.677,0.699,0.664,0.692,0.901,0.894,0.916,0.9,0.967,0.964,0.993,0.996,0.995,0.5227994317702153,0.5227994317702153,0.5738235043622228,0.5397307430242401,0.5227994317702153,0.9255336642076628,0.9255336642076628,1.0605053779367726,0.9913614316440899,0.9255336642076628,-15.600999999999999,-6.455696202531946e-4,0.202,0.20800000000000007,0.028000000000000025,-0.6089999999999982,0.016506995336442398,-0.0010000000000000009
38,contaminated_rolling,step,0.06,80,1.5,pre_spikes,random,0.1,0.921875,0.06220286396181384,0.034522673031026255,0.06224582338902148,0.06605489260143198,0.06301193317422435,0.9478827448367755,0.930782145236509,0.9483151232511658,0.944487674883411,0.9475003331112591,38.967,25.044,23.392,21.024,23.174,0.415,0.713,0.66,0.69,0.65,0.671,0.842,0.859,0.885,0.87,0.97,0.955,0.989,0.997,0.993,0.5088552416170158,0.5088552416170158,0.5612790342968963,0.5252515786937167,0.5088552416170158,0.9013807417564355,0.9013807417564355,1.0360161904813712,0.9661381461096233,0.9013807417564355,-15.793,-3.824117255163406e-4,0.23500000000000004,0.19899999999999995,0.02300000000000002,-1.870000000000001,0.0167181878747501,0.028000000000000025
39,contaminated_rolling,step,0.03,50,2,pre_spikes,random,0.1,0.875,0.05562360801781737,0.025915367483296214,0.057966592427616925,0.06127616926503341,0.05883073496659243,0.9535762824783478,0.9766815456362425,0.9515569620253165,0.9481165889407062,0.9508027981345769,37.761,37.462,25.429,23.546,26.141,0.399,0.678,0.621,0.647,0.603,0.657,0.802,0.852,0.882,0.85,0.982,0.909,0.985,0.99,0.985,0.6810799367022524,0.6810799367022524,0.7510444846470777,0.7094588923041406,0.6810799367022524,1.6217108914350247,1.6217108914350247,1.814310476240124,1.7161784530251585,1.6217108914350247,-11.620000000000005,-0.0027734843437708934,0.20399999999999996,0.19299999999999995,0.0030000000000000027,-11.321000000000005,-0.025878747501665633,0.04799999999999993
40,contaminated_rolling,step,0.04,50,2,pre_spikes,random,0.1,0.875,0.05610022271714922,0.028447661469933185,0.058841870824053455,0.06220267260579065,0.05960579064587973,0.9533964023984011,0.9692618254497002,0.951381745502998,0.9478674217188541,0.9505902731512325,40.304,44.18,27.349,25.494,27.4,0.367,0.424,0.578,0.602,0.566,0.638,0.792,0.843,0.867,0.842,0.973,0.878,0.985,0.989,0.987,0.6766551139450464,0.6766551139450464,0.742933989497772,0.7025883035856628,0.6766551139450464,1.6007910329606103,1.6007910329606103,1.7728579492079766,1.6837117458883377,1.6007910329606103,-12.904000000000003,-0.0028061292471686095,0.19899999999999995,0.20399999999999996,0.014000000000000012,-16.78,-0.01867155229846773,0.04999999999999993
41,contaminated_rolling,step,0.06,50,2,pre_spikes,random,0.1,0.875,0.056193763919821824,0.04636748329621381,0.05799777282850779,0.06157683741648107,0.05886636971046771,0.9535129913391073,0.9550339773484344,0.9514477015323118,0.9479573617588275,0.9507188540972685,38.873,17.426,25.69,23.996,26.516,0.387,0.796,0.592,0.627,0.584,0.654,0.93,0.836,0.867,0.836,0.975,0.987,0.988,0.989,0.988,0.6661844823652161,0.6661844823652161,0.734923636354374,0.6942416059509555,0.6661844823652161,1.589242966183402,1.589242966183402,1.7750946319226986,1.6840028923850179,1.589242966183402,-12.357,-0.0027941372418387456,0.19699999999999995,0.18199999999999994,0.013000000000000012,9.09,-0.004315123251165898,-0.09400000000000008
42,contaminated_rolling,step,0.03,80,2,pre_spikes,random,0.1,0.921875,0.062346062052505966,0.03454892601431981,0.06210978520286396,0.06571599045346062,0.06305727923627685,0.9479127248500999,0.9635556295802798,0.9481439040639573,0.9441712191872085,0.9470859427048635,41.431,29.087,22.018,20.373,23.099,0.411,0.597,0.674,0.707,0.665,0.643,0.834,0.895,0.909,0.879,0.951,0.959,0.993,0.998,0.988,0.7946084455211158,0.7946084455211158,0.8475621968114965,0.8118189810409405,0.7946084455211158,1.2989683765566924,1.2989683765566924,1.4328000116161501,1.3642214953371714,1.2989683765566924,-18.331999999999997,-8.267821452364599e-4,0.25400000000000006,0.236,0.03700000000000003,-5.9879999999999995,-0.01646968687541639,0.04500000000000004
43,contaminated_rolling,step,0.04,80,2,pre_spikes,random,0.1,0.921875,0.06236038186157518,0.037572792362768496,0.06147732696897375,0.0653198090692124,0.06267064439140811,0.9480379746835443,0.932690872751499,0.9479526982011992,0.9441652231845437,0.9470906062624916,40.781,23.427,22.797,20.798,22.603,0.389,0.656,0.681,0.704,0.681,0.662,0.868,0.876,0.907,0.89,0.959,0.961,0.987,0.99,0.987,0.802185847917943,0.802185847917943,0.8568381484580504,0.8211609438668656,0.802185847917943,1.3088016289261566,1.3088016289261566,1.4425653189220902,1.3791420845007432,1.3088016289261566,-18.177999999999997,-9.473684210526967e-4,0.29200000000000004,0.22799999999999998,0.028000000000000025,-0.8239999999999981,0.014399733510992663,0.02200000000000002
44,contaminated_rolling,step,0.06,80,2,pre_spikes,random,0.1,0.921875,0.06277565632458233,0.032322195704057276,0.06166109785202864,0.06585441527446301,0.06308114558472554,0.9480479680213191,0.9702225183211193,0.9482964690206529,0.9442884743504331,0.9472798134576949,41.293,37.464,22.276,20.563,21.708,0.403,0.444,0.672,0.702,0.686,0.66,0.816,0.899,0.916,0.9,0.952,0.938,0.987,0.989,0.988,0.7883072168674959,0.7883072168674959,0.8413832866635503,0.8057793008510742,0.7883072168674959,1.2903577254146965,1.2903577254146965,1.4295521282883341,1.3600931583065607,1.2903577254146965,-19.585,-7.681545636242237e-4,0.28300000000000003,0.24,0.03600000000000003,-15.756,-0.022942704863424424,0.08400000000000007
45,contaminated_rolling,gradual,0.06,50,1.5,pre_spikes,none,0,0.875,0.05553006681514477,0.0623630289532294,0.05893541202672606,0.06275278396436526,0.06004008908685969,0.9534503664223851,0.9457248500999333,0.9518387741505663,0.9482111925383078,0.9509620253164557,38.799,27.387,26.787,24.686,27.205,0.377,0.598,0.588,0.61,0.567,0.646,0.897,0.823,0.853,0.824,0.98,0.988,0.994,0.996,0.993,0.4496861516658515,0.4496861516658515,0.5137003051994364,0.4764440987845911,0.4496861516658515,1.1715961521551508,1.1715961521551508,1.3527909708984018,1.25863347243474,1.1715961521551508,-11.594000000000001,-0.002488341105929437,0.18999999999999995,0.17799999999999994,0.013000000000000012,-0.18200000000000216,0.005237175216522338,-0.07300000000000006
46,contaminated_rolling,intermittent,0.06,50,1.5,pre_spikes,none,0,0.875,0.05492204899777283,0.062189309576837416,0.05792650334075724,0.06164587973273942,0.059227171492204904,0.9530399733510992,0.961672218520986,0.9512731512325117,0.9477674883411059,0.9504157228514324,37.598,16.648,26.009,23.62,24.83,0.373,0.833,0.596,0.632,0.606,0.682,0.936,0.844,0.867,0.86,0.985,0.986,0.99,0.995,0.994,0.44896606916958814,0.44896606916958814,0.5124133574490981,0.4750355853056366,0.44896606916958814,1.165269143724645,1.165269143724645,1.3331012444333252,1.255197927137921,1.165269143724645,-12.768,-0.002624250499666858,0.23299999999999998,0.17799999999999994,0.009000000000000008,8.181999999999999,-0.011256495669553668,-0.07600000000000007
47,contaminated_rolling,oscillation,0.06,50,1.5,pre_spikes,none,0,0.875,0.055042316258351896,0.05378396436525613,0.05811358574610245,0.0617706013363029,0.05919599109131403,0.9530439706862092,0.9679766822118587,0.9512524983344437,0.9476375749500333,0.9503331112591605,39.133,40.926,26.846,24.762,26.889,0.344,0.584,0.577,0.61,0.578,0.667,0.731,0.831,0.858,0.837,0.982,0.9,0.987,0.992,0.989,0.44579734034501595,0.44579734034501595,0.5089233162872504,0.47189481003096057,0.44579734034501595,1.156652495425341,1.156652495425341,1.3312897802482428,1.2428849876901134,1.156652495425341,-12.244000000000003,-0.0027108594270486286,0.23399999999999999,0.16999999999999993,0.007000000000000006,-14.037000000000003,-0.017643570952698195,0.10599999999999998
48,contaminated_rolling,gradual,0.06,80,1.5,pre_spikes,none,0,0.921875,0.06234128878281623,0.05564439140811456,0.061837708830548926,0.06591885441527447,0.06299045346062053,0.947786142571619,0.9809467021985343,0.9482664890073285,0.9443204530313125,0.9472331778814124,37.329,32.16316316316316,22.406,20.298,22.268,0.446,0.552,0.668,0.7,0.674,0.696,0.785,0.879,0.908,0.885,0.969,0.937,0.995,0.998,0.993,0.5200327336353318,0.5200327336353318,0.5713541052243944,0.5359936423592487,0.5200327336353318,0.911994368280175,0.911994368280175,1.0528095075299078,0.9812159420932672,0.911994368280175,-15.061,-5.529646902066032e-4,0.22800000000000004,0.18900000000000006,0.02400000000000002,-9.895163163163161,-0.033713524317121935,0.09999999999999998
49,contaminated_rolling,intermittent,0.06,80,1.5,pre_spikes,none,0,0.921875,0.06195704057279236,0.06610739856801909,0.06160381861575179,0.0658400954653938,0.06320763723150358,0.9472878081279147,0.9485916055962692,0.9475376415722851,0.9436295802798135,0.9466382411725517,38.39,15.464,23.067,20.372,22.324,0.426,0.823,0.684,0.718,0.679,0.676,0.928,0.868,0.895,0.877,0.97,0.983,0.987,0.994,0.99,0.4952996592476924,0.4952996592476924,0.5456198700961116,0.5123681187583116,0.4952996592476924,0.8878198632717301,0.8878198632717301,1.0229841399816244,0.9575669821330514,0.8878198632717301,-16.066,-6.495669553630012e-4,0.25300000000000006,0.20099999999999996,0.020000000000000018,6.860000000000001,-0.0019533644237175185,-0.051000000000000045
50,contaminated_rolling,oscillation,0.06,80,1.5,pre_spikes,none,0,0.921875,0.06210501193317423,0.06326252983293557,0.061921241050119334,0.06562291169451073,0.06266109785202864,0.9477688207861426,0.9499506995336442,0.9479886742171886,0.944128580946036,0.9470866089273817,38.095,15.01,22.994,21.705,22.594,0.424,0.802,0.64,0.656,0.642,0.685,0.931,0.882,0.898,0.892,0.976,0.98,0.995,0.999,0.997,0.5099973062971886,0.5099973062971886,0.5614420381050963,0.5263071337975151,0.5099973062971886,0.9052561951672469,0.9052561951672469,1.0393870937728729,0.969241435542268,0.9052561951672469,-15.500999999999998,-6.822118587608283e-4,0.21800000000000003,0.20699999999999996,0.02100000000000002,7.584000000000001,-0.0028640906062624705,-0.039000000000000035
51,contaminated_rolling,gradual,0.06,50,2,pre_spikes,none,0,0.875,0.0560890868596882,0.04891314031180401,0.05884409799554566,0.06216703786191537,0.05953897550111359,0.9534203864090607,0.9546582278481013,0.9514277148567621,0.9480459693537642,0.9507288474350433,39.446,29.324,26.17,24.552,26.117,0.371,0.595,0.598,0.622,0.595,0.649,0.814,0.839,0.869,0.842,0.979,0.949,0.989,0.993,0.992,0.6849165002448644,0.6849165002448644,0.7536321471780628,0.7125197233373907,0.6849165002448644,1.6278900162281278,1.6278900162281278,1.8117193113310484,1.715494092152678,1.6278900162281278,-13.328999999999997,-0.0026915389740174156,0.22399999999999998,0.19299999999999995,0.013000000000000012,-3.2070000000000007,-0.0039293804130580146,0.028000000000000025
52,contaminated_rolling,intermittent,0.06,50,2,pre_spikes,none,0,0.875,0.05639643652561247,0.05994877505567929,0.05910913140311804,0.06266815144766147,0.05987750556792873,0.9531865423051299,0.9512058627581612,0.9513264490339773,0.9477561625582944,0.9504823451032645,39.899,34.701,25.608,24.013,25.857,0.356,0.531,0.606,0.631,0.597,0.639,0.751,0.856,0.876,0.856,0.981,0.932,0.982,0.988,0.986,0.6716337212077488,0.6716337212077488,0.7400898827810546,0.7002340484729537,0.6716337212077488,1.6016021789776602,1.6016021789776602,1.778170989440806,1.6879065385496377,1.6016021789776602,-14.042000000000002,-0.0027041972018654326,0.241,0.21699999999999997,0.0050000000000000044,-8.844000000000001,-7.235176548967548e-4,0.10499999999999998
53,contaminated_rolling,oscillation,0.06,50,2,pre_spikes,none,0,0.875,0.055583518930957684,0.06883964365256125,0.05815812917594655,0.06152561247216036,0.059182628062360805,0.9534130579613591,0.9505003331112591,0.9512151898734177,0.9479167221852098,0.9506235842771485,39.754,19.792,26.084,24.646,26.676,0.37,0.704,0.607,0.633,0.594,0.637,0.945,0.843,0.859,0.839,0.981,0.991,0.986,0.988,0.987,0.6688686113219874,0.6688686113219874,0.7369930754431611,0.6951337747369767,0.6688686113219874,1.6001569274507632,1.6001569274507632,1.781769248635666,1.6913581834144322,1.6001569274507632,-13.078,-0.002789473684210564,0.22399999999999998,0.20199999999999996,0.006000000000000005,6.883999999999997,1.232511658894042e-4,-0.10599999999999998
54,contaminated_rolling,gradual,0.06,80,2,pre_spikes,none,0,0.921875,0.06247732696897375,0.06271599045346062,0.06223150357995227,0.06577804295942721,0.06299522673031026,0.9480866089273817,0.9769786808794138,0.9482918054630246,0.9443910726182545,0.9473017988007995,40.584,31.51,20.815,19.323,20.527,0.411,0.658,0.71,0.737,0.715,0.655,0.826,0.895,0.906,0.895,0.952,0.917,0.989,0.995,0.994,0.7818535691445523,0.7818535691445523,0.8386818628516618,0.8019145651655343,0.7818535691445523,1.2829971900445298,1.2829971900445298,1.4257228703724643,1.355000319844498,1.2829971900445298,-20.057000000000002,-7.848101265822693e-4,0.304,0.24,0.04200000000000004,-10.983,-0.029676882078614297,0.06900000000000006
55,contaminated_rolling,intermittent,0.06,80,2,pre_spikes,none,0,0.921875,0.06209546539379475,0.05445107398568019,0.061422434367541766,0.06536515513126491,0.06255608591885442,0.9474870086608927,0.9409620253164557,0.9477401732178548,0.9437241838774151,0.9466255829447036,43.833,34.772,22.232,20.418,21.757,0.373,0.527,0.678,0.715,0.684,0.623,0.693,0.897,0.912,0.9,0.945,0.927,0.99,0.993,0.995,0.7696367412621913,0.7696367412621913,0.8229714107413186,0.787531713350373,0.7696367412621913,1.2692703115583965,1.2692703115583965,1.4023661581542919,1.3377486569095645,1.2692703115583965,-22.075999999999997,-8.614257161891903e-4,0.31100000000000005,0.277,0.050000000000000044,-13.014999999999997,0.005663557628247884,0.20700000000000007
56,contaminated_rolling,oscillation,0.06,80,2,pre_spikes,none,0,0.921875,0.06244868735083532,0.06448210023866348,0.06195942720763723,0.06562052505966587,0.0629618138424821,0.9480812791472352,0.95026982011992,0.9484070619586942,0.9444497001998667,0.9474103930712858,42.154,22.329,23.218,20.69,22.955,0.397,0.75,0.677,0.711,0.675,0.624,0.881,0.87,0.903,0.876,0.96,0.971,0.987,0.995,0.991,0.7876413791351643,0.7876413791351643,0.8404016440845306,0.8053384081095801,0.7876413791351643,1.2853989473618328,1.2853989473618328,1.418882292417399,1.3518679932163828,1.2853989473618328,-19.199000000000005,-6.708860759493396e-4,0.278,0.252,0.031000000000000028,0.6259999999999977,-0.0028594270486341777,-0.0050000000000000044
57,contaminated_rolling,gradual,0.06,50,1.5,pre_spikes,random,0.05,0.875,0.055391982182628065,0.04653674832962138,0.058714922048997774,0.0622293986636971,0.05960356347438753,0.9534090606262492,0.9163917388407729,0.9515549633577615,0.9480699533644237,0.9508327781479013,38.437,22.888,25.948,24.699,26.443,0.379,0.714,0.622,0.633,0.605,0.678,0.875,0.837,0.858,0.843,0.973,0.974,0.983,0.987,0.981,0.4581799352937913,0.4581799352937913,0.5264058036698841,0.4861243223682097,0.4581799352937913,1.1853103266705713,1.1853103266705713,1.3701888293808144,1.2765425474062777,1.1853103266705713,-11.993999999999996,-0.0025762824783478466,0.22599999999999998,0.16499999999999992,0.008000000000000007,3.5549999999999997,0.034441039307128496,-0.03200000000000003
58,contaminated_rolling,intermittent,0.06,50,1.5,pre_spikes,random,0.05,0.875,0.05469487750556793,0.050545657015590204,0.057592427616926505,0.06133407572383073,0.05881514476614699,0.9531172551632245,0.9171892071952032,0.9512938041305796,0.9479387075283144,0.9506482345103264,37.622,20.101,26.364,23.902,26.529,0.372,0.717,0.594,0.63,0.586,0.675,0.859,0.838,0.868,0.838,0.983,0.986,0.984,0.988,0.988,0.4500091704304947,0.4500091704304947,0.5133106744936222,0.4766322030308257,0.4500091704304947,1.1697829064602197,1.1697829064602197,1.3441376820226454,1.2563850345321281,1.1697829064602197,-11.093,-0.002469020652898113,0.21399999999999997,0.16299999999999992,0.0050000000000000044,6.428000000000001,0.03345902731512318,-0.02100000000000002
59,contaminated_rolling,oscillation,0.06,50,1.5,pre_spikes,random,0.05,0.875,0.05489532293986637,0.02935857461024499,0.05861915367483296,0.06205345211581292,0.05929844097995546,0.9531658894070619,0.9812618254497002,0.951363091272485,0.9478281145902732,0.9504676882078614,36.491,77.10910910910911,25.4,24.145,25.678,0.395,0.35,0.622,0.632,0.606,0.693,0.504,0.856,0.866,0.855,0.984,0.694,0.983,0.99,0.986,0.4567544750798824,0.4567544750798824,0.5218786782432617,0.48437722707081565,0.4567544750798824,1.175646827480328,1.175646827480328,1.3533642160715627,1.2596359419816985,1.175646827480328,-10.812999999999999,-0.0026982011992005006,0.21099999999999997,0.16200000000000003,0.0020000000000000018,-51.431109109109116,-0.03079413724183877,0.351
60,contaminated_rolling,gradual,0.06,80,1.5,pre_spikes,random,0.05,0.921875,0.06239140811455847,0.05264439140811456,0.06221241050119332,0.0662291169451074,0.06349164677804296,0.9478414390406396,0.9530799467021985,0.9482824783477681,0.9442465023317788,0.9473171219187209,38.749,23.989,23.426,22.08,23.611,0.427,0.698,0.65,0.678,0.648,0.676,0.86,0.882,0.889,0.877,0.962,0.972,0.986,0.987,0.987,0.5059692121874076,0.5059692121874076,0.5584386818152549,0.5233372964378691,0.5059692121874076,0.8984786382977483,0.8984786382977483,1.0343820251878684,0.9677757161295103,0.8984786382977483,-15.138000000000002,-5.243171219186937e-4,0.22100000000000003,0.20099999999999996,0.025000000000000022,-0.3780000000000001,-0.005762824783477671,0.017000000000000015
61,contaminated_rolling,intermittent,0.06,80,1.5,pre_spikes,random,0.05,0.921875,0.062312649164677804,0.0404653937947494,0.06178758949880668,0.06582577565632458,0.06300477326968974,0.9473151232511658,0.9864576948700866,0.9476369087275149,0.9437501665556296,0.9467521652231845,38.675,27.012024048096194,23.246,20.901,22.814,0.423,0.765,0.674,0.71,0.68,0.689,0.855,0.87,0.9,0.872,0.974,0.93,0.985,0.988,0.987,0.4984235563658028,0.4984235563658028,0.5519198602295605,0.5178251766835307,0.4984235563658028,0.8930333964121142,0.8930333964121142,1.0301835469796838,0.96145712787157,0.8930333964121142,-15.860999999999997,-5.629580279813418e-4,0.25700000000000006,0.18300000000000005,0.013000000000000012,-4.198024048096194,-0.039705529646902105,0.017000000000000015
62,contaminated_rolling,oscillation,0.06,80,1.5,pre_spikes,random,0.05,0.921875,0.06253937947494033,0.05009307875894988,0.06231980906921241,0.06630071599045347,0.06358949880668258,0.9478001332445036,0.9567681545636243,0.9480919387075283,0.9442231845436376,0.9470433044636909,37.237,27.448,22.902,20.902,22.706,0.46,0.694,0.695,0.727,0.694,0.694,0.843,0.861,0.885,0.867,0.97,0.95,0.992,0.994,0.991,0.5158464617861048,0.5158464617861048,0.5679607857516822,0.5334007195632152,0.5158464617861048,0.9140839813984523,0.9140839813984523,1.0531773078069562,0.9859019102211327,0.9140839813984523,-14.531000000000002,-7.56828780812735e-4,0.23399999999999993,0.17300000000000004,0.02100000000000002,-4.742000000000001,-0.009724850099933402,0.02400000000000002
63,contaminated_rolling,gradual,0.06,50,2,pre_spikes,random,0.05,0.875,0.05597550111358575,0.04598218262806236,0.05840534521158129,0.06177505567928731,0.05928507795100223,0.953286475682878,0.9562105263157895,0.9517921385742838,0.948126582278481,0.9508500999333778,40.047,37.359,26.348,24.458,26.647,0.351,0.572,0.592,0.618,0.575,0.637,0.793,0.834,0.863,0.836,0.981,0.901,0.99,0.991,0.988,0.6703722635836862,0.6703722635836862,0.7366248890966437,0.6980579193109763,0.6703722635836862,1.606089195986377,1.606089195986377,1.7838432527675858,1.6968047635244758,1.606089195986377,-13.399999999999999,-0.002436375749500286,0.22399999999999998,0.19899999999999995,0.007000000000000006,-10.712000000000003,-0.005360426382411743,0.04299999999999993
64,contaminated_rolling,intermittent,0.06,50,2,pre_spikes,random,0.05,0.875,0.055982182628062364,0.038902004454342984,0.05850334075723831,0.061995545657015594,0.05949443207126949,0.9531299133910727,0.9814457028647569,0.951350433044637,0.9477481678880746,0.950423051299134,39.583,69.76876876876877,25.892,24.011,26.288,0.347,0.51,0.592,0.624,0.581,0.64,0.627,0.844,0.86,0.838,0.983,0.791,0.992,0.997,0.992,0.6649361742210949,0.6649361742210949,0.7335317287297353,0.6929670263482717,0.6649361742210949,1.5924411337395254,1.5924411337395254,1.7821503745723764,1.687488905369293,1.5924411337395254,-13.294999999999998,-0.002706862091938711,0.23399999999999999,0.19799999999999995,0.009000000000000008,-43.48076876876877,-0.031022651565622894,0.21099999999999997
65,contaminated_rolling,oscillation,0.06,50,2,pre_spikes,random,0.05,0.875,0.056173719376391984,0.043102449888641425,0.05867706013363029,0.06219376391982183,0.059815144766146994,0.953421052631579,0.9522318454363757,0.9516788807461692,0.9480899400399734,0.950888074616922,39.037,35.571,25.654,23.41,25.168,0.36,0.586,0.625,0.652,0.616,0.64,0.766,0.837,0.861,0.842,0.987,0.888,0.986,0.991,0.992,0.6721968566449603,0.6721968566449603,0.7403266398816528,0.7002703391790167,0.6721968566449603,1.6104486524082717,1.6104486524082717,1.7850722424876835,1.6991805761177117,1.6104486524082717,-13.869,-0.002532978014656906,0.256,0.20199999999999996,0.0050000000000000044,-10.402999999999999,-0.0013437708194536935,0.07599999999999996
66,contaminated_rolling,gradual,0.06,80,2,pre_spikes,random,0.05,0.921875,0.06243675417661098,0.04492601431980907,0.061801909307875894,0.06576133651551312,0.06297136038186157,0.948105929380413,0.9765149900066622,0.9481132578281146,0.9441878747501665,0.9471405729513658,40.64,30.196,21.432,19.484,21.23,0.426,0.561,0.696,0.73,0.699,0.654,0.809,0.906,0.922,0.905,0.958,0.954,0.988,0.993,0.991,0.7917817836524754,0.7917817836524754,0.8465508450971847,0.8089690324482127,0.7917817836524754,1.2937621352602857,1.2937621352602857,1.4398917191250153,1.3613489064935451,1.2937621352602857,-19.41,-9.653564290472705e-4,0.27299999999999996,0.251,0.03300000000000003,-8.966000000000001,-0.02937441705529642,0.09599999999999997
67,contaminated_rolling,intermittent,0.06,80,2,pre_spikes,random,0.05,0.921875,0.06250596658711217,0.044692124105011936,0.06187350835322196,0.06608830548926015,0.06331503579952268,0.9475449700199867,0.9547235176548967,0.9474910059960027,0.9436289140572951,0.9466295802798135,42.589,35.875,21.966,19.626,21.649,0.39,0.6,0.689,0.729,0.695,0.631,0.762,0.889,0.913,0.89,0.95,0.912,0.987,0.992,0.989,0.7796682654266675,0.7796682654266675,0.8357313443259585,0.7991386220342316,0.7796682654266675,1.2844273693809813,1.2844273693809813,1.4248013765483805,1.3558485434043746,1.2844273693809813,-20.939999999999998,-9.153897401732447e-4,0.30499999999999994,0.259,0.039000000000000035,-14.225999999999999,-0.008093937375083238,0.128
68,contaminated_rolling,oscillation,0.06,80,2,pre_spikes,random,0.05,0.921875,0.06239618138424821,0.04457517899761337,0.061825775656324584,0.06579713603818615,0.06300238663484486,0.9479353764157229,0.9521792138574284,0.9481205862758161,0.944089273817455,0.9470872751499001,41.101,40.478,22.59,21.295,23.879,0.405,0.602,0.687,0.709,0.665,0.658,0.734,0.869,0.896,0.864,0.958,0.883,0.993,0.992,0.986,0.7838046264766246,0.7838046264766246,0.8389318731722494,0.8025143083178691,0.7838046264766246,1.290218414131003,1.290218414131003,1.427108654434735,1.353537550400376,1.290218414131003,-17.221999999999998,-8.481012658227982e-4,0.26,0.20599999999999996,0.028000000000000025,-16.599,-0.005091938707528332,0.13
69,contaminated_rolling,gradual,0.06,50,1.5,pre_spikes,random,0.1,0.875,0.05508240534521158,0.05075278396436526,0.0582271714922049,0.061608017817371935,0.05909576837416481,0.9532485009993338,0.939290473017988,0.9515203197868088,0.9479753497668221,0.9506129247168554,38.791,18.681,26.804,24.793,26.776,0.355,0.767,0.599,0.626,0.585,0.668,0.93,0.833,0.858,0.837,0.977,0.994,0.981,0.988,0.983,0.44981701134602653,0.44981701134602653,0.5159379277081021,0.4759474427523931,0.44981701134602653,1.166130107866764,1.166130107866764,1.3462178060976853,1.2502334507765642,1.166130107866764,-12.014999999999997,-0.002635576282478347,0.22999999999999998,0.16899999999999993,0.006000000000000005,8.094999999999999,0.011322451698867475,-0.09300000000000008
70,contaminated_rolling,intermittent,0.06,50,1.5,pre_spikes,random,0.1,0.875,0.05503340757238307,0.037233853006681514,0.058066815144766144,0.0616837416481069,0.05900222717149221,0.9529033977348434,0.9342838107928048,0.9513550966022651,0.9478660892738174,0.9504843437708195,37.656,26.656,25.763,23.409,25.331,0.388,0.626,0.607,0.638,0.605,0.691,0.872,0.852,0.876,0.857,0.984,0.983,0.986,0.993,0.991,0.43620683756662376,0.43620683756662376,0.5018783286142622,0.46370010757774616,0.43620683756662376,1.1416739878560958,1.1416739878560958,1.3172660545424018,1.2321737070869792,1.1416739878560958,-12.325,-0.002419053964023976,0.21699999999999997,0.16600000000000004,0.007000000000000006,-1.3249999999999993,0.016200532978014714,-0.015000000000000013
71,contaminated_rolling,oscillation,0.06,50,1.5,pre_spikes,random,0.1,0.875,0.055320712694877504,0.036975501113585746,0.05839198218262806,0.06205567928730512,0.059429844097995545,0.9532504996668887,0.9087275149900067,0.9511352431712192,0.9477208527648234,0.9505029980013324,37.638,22.171,26.705,25.247,27.05,0.371,0.772,0.596,0.612,0.581,0.674,0.869,0.818,0.84,0.81,0.978,0.979,0.982,0.988,0.987,0.4471801101612448,0.4471801101612448,0.5114641177755077,0.4735800197043224,0.4471801101612448,1.1629067855716726,1.1629067855716726,1.343153786190804,1.2527275368431539,1.1629067855716726,-10.587999999999997,-0.0027475016655562623,0.20999999999999996,0.136,0.009000000000000008,4.879000000000001,0.04177548301132572,-0.05899999999999994
72,contaminated_rolling,gradual,0.06,80,1.5,pre_spikes,random,0.1,0.921875,0.062229116945107396,0.032608591885441525,0.062386634844868734,0.066236276849642,0.06322434367541765,0.9477814790139907,0.9552371752165223,0.948257161892072,0.9442251832111925,0.9471998667554964,37.471,49.666,23.292,20.908,22.48,0.454,0.523,0.66,0.698,0.67,0.69,0.662,0.877,0.901,0.884,0.975,0.867,0.986,0.992,0.99,0.507845823217145,0.507845823217145,0.5587641650512943,0.5242672074347053,0.507845823217145,0.899632217942105,0.899632217942105,1.0368158652388368,0.9683632483986652,0.899632217942105,-14.990999999999996,-5.816122584942907e-4,0.21600000000000003,0.19400000000000006,0.015000000000000013,-27.185999999999996,-0.008037308461025905,0.22199999999999998
73,contaminated_rolling,intermittent,0.06,80,1.5,pre_spikes,random,0.1,0.921875,0.06210978520286396,0.044634844868735084,0.061711217183770886,0.06570644391408115,0.06286396181384248,0.9473710859427049,0.9327268487674883,0.9476042638241172,0.9437368421052632,0.9467834776815456,37.953,24.947,22.538,20.349,21.538,0.437,0.71,0.665,0.701,0.676,0.685,0.839,0.885,0.905,0.893,0.967,0.974,0.987,0.995,0.993,0.5022695465637158,0.5022695465637158,0.556588202975381,0.5198240042643124,0.5022695465637158,0.8949754422720845,0.8949754422720845,1.0409783106692596,0.9640439158958496,0.8949754422720845,-16.415000000000003,-5.876082611593336e-4,0.23900000000000005,0.20799999999999996,0.026000000000000023,-3.408999999999999,0.014056628914057234,0.05400000000000005
74,contaminated_rolling,oscillation,0.06,80,1.5,pre_spikes,random,0.1,0.921875,0.06188305489260143,0.046047732696897374,0.06162291169451074,0.06555608591885441,0.06261336515513126,0.9479153897401732,0.9160546302465024,0.948255163224517,0.9444483677548301,0.9474443704197202,38.698,21.366,22.909,21.403,23.194,0.425,0.716,0.673,0.693,0.665,0.68,0.878,0.876,0.895,0.872,0.979,0.973,0.994,0.996,0.994,0.5108583947792542,0.5108583947792542,0.5604429819067707,0.5268072862859471,0.5108583947792542,0.9023994325132547,0.9023994325132547,1.036475948239905,0.9658697641534988,0.9023994325132547,-15.504000000000001,-4.710193204530144e-4,0.24000000000000005,0.19199999999999995,0.015000000000000013,1.8279999999999994,0.03138974017321783,-0.006000000000000005
75,contaminated_rolling,gradual,0.06,50,2,pre_spikes,random,0.1,0.875,0.05601336302895323,0.030073496659242763,0.05872383073496659,0.06208240534521158,0.05944988864142539,0.9534043970686209,0.9329586942038641,0.9515469686875416,0.9481199200532978,0.9506715522984677,39.973,30.899,26.178,23.789,25.694,0.362,0.606,0.599,0.621,0.595,0.631,0.872,0.841,0.874,0.852,0.979,0.942,0.988,0.995,0.99,0.673753369284731,0.673753369284731,0.7421403343497917,0.701246949833038,0.673753369284731,1.5960520109381158,1.5960520109381158,1.7738685873511255,1.684607289810734,1.5960520109381158,-14.279,-0.002732844770153231,0.23299999999999998,0.22099999999999997,0.01100000000000001,-5.205000000000002,0.017712858094603545,-0.020000000000000018
76,contaminated_rolling,intermittent,0.06,50,2,pre_spikes,random,0.1,0.875,0.05628285077951002,0.03442984409799554,0.05861692650334076,0.06205567928730513,0.05937193763919822,0.9531432378414391,0.9710179880079947,0.9511685542971352,0.9476295802798135,0.9503211192538308,39.566,46.471,25.786,24.015,25.569,0.359,0.383,0.607,0.63,0.597,0.658,0.684,0.85,0.878,0.859,0.983,0.899,0.986,0.99,0.989,0.6644859776966947,0.6644859776966947,0.7329516247252983,0.6921734015611979,0.6644859776966947,1.5985863311064228,1.5985863311064228,1.7786541002169662,1.688154763606845,1.5985863311064228,-13.997000000000003,-0.00282211858760828,0.238,0.20099999999999996,0.006000000000000005,-20.901999999999997,-0.020696868754163877,0.17499999999999993
77,contaminated_rolling,oscillation,0.06,50,2,pre_spikes,random,0.1,0.875,0.05640311804008909,0.03373496659242762,0.059055679287305124,0.06251447661469933,0.059701559020044544,0.9533584277148568,0.9475816122584944,0.9515303131245836,0.9480852764823451,0.9507681545636243,40.764,21.95,26.268,24.84,27.088,0.351,0.68,0.61,0.632,0.593,0.617,0.89,0.837,0.854,0.834,0.972,0.969,0.981,0.984,0.98,0.6757012359815484,0.6757012359815484,0.7460843599794265,0.7045444717130734,0.6757012359815484,1.6100492150398307,1.6100492150398307,1.7936343154166452,1.7006214591437387,1.6100492150398307,-13.676000000000002,-0.002590273151232503,0.242,0.21699999999999997,0.008000000000000007,5.138000000000002,0.0031865423051299357,-0.05600000000000005
78,contaminated_rolling,gradual,0.06,80,2,pre_spikes,random,0.1,0.921875,0.06216945107398568,0.030138424821002388,0.06182100238663484,0.06566109785202864,0.0628090692124105,0.9480486342438375,0.9566675549633578,0.9484137241838774,0.9444143904063957,0.9473530979347102,41.681,19.609,23.315,20.879,22.602,0.42,0.774,0.656,0.697,0.667,0.653,0.917,0.882,0.907,0.891,0.946,0.978,0.985,0.99,0.988,0.7944907314996925,0.7944907314996925,0.8469942339873805,0.8112343167906807,0.7944907314996925,1.302369961220163,1.302369961220163,1.4367648233491999,1.3689418919111707,1.302369961220163,-19.078999999999997,-6.955363091272204e-4,0.24700000000000005,0.238,0.04200000000000004,2.9929999999999986,-0.009314457028647527,-0.026000000000000023
79,contaminated_rolling,intermittent,0.06,80,2,pre_spikes,random,0.1,0.921875,0.06268973747016707,0.04660859188544153,0.06195704057279236,0.06598090692124105,0.06292601431980907,0.947109926715523,0.9668187874750167,0.9471838774150566,0.9431552298467688,0.9460859427048635,41.942,36.045,22.089,20.236,22.221,0.386,0.48,0.685,0.714,0.688,0.636,0.783,0.882,0.903,0.879,0.971,0.937,0.987,0.993,0.989,0.7768472060685605,0.7768472060685605,0.8298910516476731,0.7940696380527186,0.7768472060685605,1.2765534203191846,1.2765534203191846,1.4119661109847743,1.3408903187577117,1.2765534203191846,-19.721,-0.0010239840106595066,0.30199999999999994,0.243,0.018000000000000016,-13.824000000000002,-0.020732844770153247,0.09599999999999997
80,contaminated_rolling,oscillation,0.06,80,2,pre_spikes,random,0.1,0.921875,0.06283293556085918,0.03890214797136038,0.061591885441527446,0.06592124105011933,0.063145584725537,0.9479020652898068,0.9310326449033978,0.9480226515656229,0.9440926049300467,0.9469613590939374,41.836,23.822,22.103,20.077,21.908,0.385,0.649,0.677,0.709,0.676,0.655,0.909,0.889,0.916,0.895,0.957,0.963,0.989,0.993,0.992,0.7808543344867921,0.7808543344867921,0.8353410284150221,0.7999403414608459,0.7808543344867921,1.281502101419623,1.281502101419623,1.41370784573221,1.3507598043546916,1.281502101419623,-19.927999999999997,-9.407061958693896e-4,0.29100000000000004,0.24,0.03500000000000003,-1.913999999999998,0.01592871419053965,-0.014000000000000012
