scenario_id,study,fault_type,step_delta,w_roll,gamma_online,online_contamination,offline_contamination,eps_offline,alpha_adaptive,method,n_reps,pf,pm,td_mean,td_median,detection_rate,det_H25_rate,det_H50_rate,det_H100_rate,mean_logBIR,max_logBIR
1,clean,step,0.06,50,0,none,none,0,0.875,Classical_Rolling,1000,0.04643652561247216,0.9525096602265156,18.041,13,1,0.736,0.952,0.996,0.06520925890215397,0.46517714565466406
1,clean,step,0.06,50,0,none,none,0,0.875,Liu_F_offline,1000,0.05044097995545657,0.9215782811459027,26.154,19,1,0.574,0.84,0.976,0.06520925890215397,0.46517714565466406
1,clean,step,0.06,50,0,none,none,0,0.875,RRH_FD_075,1000,0.04762583518930958,0.9514017321785476,20.329,14,1,0.695,0.91,0.99,0.11249798326551433,0.6173004413367248
1,clean,step,0.06,50,0,none,none,0,0.875,RRH_FD_085,1000,0.051080178173719376,0.9478347768154564,18.397,13,1,0.728,0.941,0.993,0.08108779775377963,0.517838671289225
1,clean,step,0.06,50,0,none,none,0,0.875,RRH_FD_adaptive,1000,0.0484543429844098,0.9504203864090606,19.285,14,1,0.718,0.927,0.993,0.06520925890215397,0.46517714565466406
2,clean,oscillation,0.06,50,0,none,none,0,0.875,Classical_Rolling,1000,0.04735412026726058,0.9523637574950033,18.132,13,1,0.736,0.949,0.998,0.0639373412638634,0.4663517153046237
2,clean,oscillation,0.06,50,0,none,none,0,0.875,Liu_F_offline,1000,0.041171492204899775,0.9916568954030647,81.73850868232891,28,0.979,0.449,0.661,0.787,0.0639373412638634,0.4663517153046237
2,clean,oscillation,0.06,50,0,none,none,0,0.875,RRH_FD_075,1000,0.04838752783964365,0.9509513657561626,20.513,14,1,0.706,0.915,0.989,0.1117353738693753,0.6164159431719485
2,clean,oscillation,0.06,50,0,none,none,0,0.875,RRH_FD_085,1000,0.05200668151447661,0.947493670886076,18.807,13,1,0.733,0.933,0.992,0.07932558131106368,0.5218666446376041
2,clean,oscillation,0.06,50,0,none,none,0,0.875,RRH_FD_adaptive,1000,0.04937416481069042,0.9501219187208527,19.193,13.5,1,0.718,0.928,0.993,0.0639373412638634,0.4663517153046237
3,clean,gradual,0.06,50,0,none,none,0,0.875,Classical_Rolling,1000,0.04734298440979955,0.9524303797468354,18.422,13,1,0.743,0.937,0.996,0.060399105727601994,0.45354710387103936
3,clean,gradual,0.06,50,0,none,none,0,0.875,Liu_F_offline,1000,0.057407572383073494,0.9430799467021985,25.269,11,1,0.744,0.849,0.942,0.060399105727601994,0.45354710387103936
3,clean,gradual,0.06,50,0,none,none,0,0.875,RRH_FD_075,1000,0.04855456570155902,0.951286475682878,21.054,14,1,0.712,0.9,0.991,0.10558118591623186,0.5960593653987739
3,clean,gradual,0.06,50,0,none,none,0,0.875,RRH_FD_085,1000,0.05192204899777283,0.9475849433710859,18.957,13,1,0.736,0.917,0.997,0.07488356943548596,0.505958815494101
3,clean,gradual,0.06,50,0,none,none,0,0.875,RRH_FD_adaptive,1000,0.04935189309576837,0.950292471685543,19.908,13,1,0.72,0.913,0.997,0.060399105727601994,0.45354710387103936
4,clean,intermittent,0.06,50,0,none,none,0,0.875,Classical_Rolling,1000,0.0466815144766147,0.9520946035976016,17.432,12,1,0.75,0.954,0.999,0.06207227794173671,0.4516726995638033
4,clean,intermittent,0.06,50,0,none,none,0,0.875,Liu_F_offline,1000,0.04097550111358575,0.9527961359093937,46.284,27,1,0.467,0.713,0.888,0.06207227794173671,0.4516726995638033
4,clean,intermittent,0.06,50,0,none,none,0,0.875,RRH_FD_075,1000,0.04811135857461025,0.9509800133244504,19.895,13,1,0.722,0.915,0.991,0.10878348913205269,0.60210306428295
4,clean,intermittent,0.06,50,0,none,none,0,0.875,RRH_FD_085,1000,0.05140534521158129,0.9473184543637575,18.467,11.5,1,0.739,0.931,0.993,0.07691403032471525,0.5070648205362649
4,clean,intermittent,0.06,50,0,none,none,0,0.875,RRH_FD_adaptive,1000,0.048819599109131404,0.9499453697534976,19.458,12.5,1,0.716,0.919,0.995,0.06207227794173671,0.4516726995638033
5,clean,step,0.06,80,0,none,none,0,0.921875,Classical_Rolling,1000,0.0521909307875895,0.9465089940039974,16.996,11,1,0.765,0.941,0.999,0.03964703553848818,0.27957438944772417
5,clean,step,0.06,80,0,none,none,0,0.921875,Liu_F_offline,1000,0.04876610978520286,0.9227081945369754,30.536,22,1,0.563,0.821,0.956,0.03964703553848818,0.27957438944772417
5,clean,step,0.06,80,0,none,none,0,0.921875,RRH_FD_075,1000,0.050532219570405726,0.9477581612258494,18.973,12,1,0.734,0.921,0.996,0.07372417088584272,0.3876092140852812
5,clean,step,0.06,80,0,none,none,0,0.921875,RRH_FD_085,1000,0.054431980906921244,0.9438227848101266,17.475,11,1,0.762,0.934,0.996,0.04265969023646794,0.3139838184060271
5,clean,step,0.06,80,0,none,none,0,0.921875,RRH_FD_adaptive,1000,0.05180190930787589,0.9466755496335776,18.396,12,1,0.742,0.922,0.997,0.03964703553848818,0.27957438944772417
6,clean,oscillation,0.06,80,0,none,none,0,0.921875,Classical_Rolling,1000,0.05173508353221957,0.9465343104596935,15.699,11,1,0.8,0.962,0.998,0.037790576678903724,0.2805747625782991
6,clean,oscillation,0.06,80,0,none,none,0,0.921875,Liu_F_offline,1000,0.04485202863961814,0.9509340439706863,42.033,27,1,0.477,0.747,0.883,0.037790576678903724,0.2805747625782991
6,clean,oscillation,0.06,80,0,none,none,0,0.921875,RRH_FD_075,1000,0.05082816229116945,0.9479713524317122,18.439,12,1,0.755,0.922,0.995,0.06524707992516142,0.374429189150272
6,clean,oscillation,0.06,80,0,none,none,0,0.921875,RRH_FD_085,1000,0.05430071599045346,0.9440413057961359,16.663,11,1,0.793,0.936,0.998,0.03902274334610359,0.30757149435727393
6,clean,oscillation,0.06,80,0,none,none,0,0.921875,RRH_FD_adaptive,1000,0.051732696897374704,0.9469613590939374,17.692,11,1,0.775,0.925,0.994,0.037790576678903724,0.2805747625782991
7,clean,gradual,0.06,80,0,none,none,0,0.921875,Classical_Rolling,1000,0.05233651551312649,0.9461492338441039,17.463,12,1,0.756,0.943,0.996,0.03759949555294524,0.270332909391295
7,clean,gradual,0.06,80,0,none,none,0,0.921875,Liu_F_offline,1000,0.04654892601431981,0.9447401732178548,27.618,16,1,0.61,0.871,0.951,0.03759949555294524,0.270332909391295
7,clean,gradual,0.06,80,0,none,none,0,0.921875,RRH_FD_075,1000,0.050763723150357994,0.9477181878747502,19.848,13,1,0.715,0.911,0.994,0.067420563789264365,0.36968002764263813
7,clean,gradual,0.06,80,0,none,none,0,0.921875,RRH_FD_085,1000,0.05482100238663484,0.9438141239173884,18.06,12,1,0.746,0.937,0.997,0.0382938392382105,0.2990529849852275
7,clean,gradual,0.06,80,0,none,none,0,0.921875,RRH_FD_adaptive,1000,0.05197136038186158,0.9466735509660227,18.533,13,1,0.744,0.929,0.997,0.03759949555294524,0.270332909391295
8,clean,intermittent,0.06,80,0,none,none,0,0.921875,Classical_Rolling,1000,0.052570405727923625,0.9453684210526315,16.385,12,1,0.774,0.961,0.999,0.04239210350024416,0.2814610167852654
8,clean,intermittent,0.06,80,0,none,none,0,0.921875,Liu_F_offline,1000,0.048725536992840095,0.9652784810126582,26.153,20,1,0.532,0.886,0.977,0.04239210350024416,0.2814610167852654
8,clean,intermittent,0.06,80,0,none,none,0,0.921875,RRH_FD_075,1000,0.05064200477326969,0.9469000666222518,17.91,12,1,0.737,0.94,0.998,0.07450561993690986,0.3888586127182722
8,clean,intermittent,0.06,80,0,none,none,0,0.921875,RRH_FD_085,1000,0.054644391408114557,0.9427541638907395,17.08,12,1,0.758,0.95,0.998,0.04516092137076339,0.31836310157630204
8,clean,intermittent,0.06,80,0,none,none,0,0.921875,RRH_FD_adaptive,1000,0.0519307875894988,0.9457395069953365,17.815,12,1,0.746,0.944,0.997,0.04239210350024416,0.2814610167852654
